id,user_id,invoice_number,business_info,client_info,invoice_meta,settings,items,notes,payment_instructions,totals,created_at,updated_at,status,paid_date
4c9b8d06-2a47-4282-b64a-59be680bbd65,4bb8a03a-b1aa-449d-9c9f-b8be57f08d58,INV-0001,"{""name"":""Lorvish Technologies Inc"",""email"":"""",""phone"":""+1 (919) 999-0626"",""address"":""3201 Yorktown Ave \nSuite #110D  \nDurham, NC 27713""}","{""name"":""Nityo Cognizant Account Team"",""email"":""accounts.cognizant@nityo.com"",""phone"":""+1 (609) 857-8270"",""address"":""""}","{""date"":""Feb 3, 2026"",""terms"":""Net 30"",""dateRaw"":""2026-02-03"",""dueDate"":""Mar 3, 2026"",""currency"":""USD"",""dueDateRaw"":""2026-03-03""}","{""taxRate"":""0"",""brandColor"":""#000000"",""discountType"":""percent"",""discountValue"":""0""}","[{""qty"":80,""desc"":""Services - IT Consulting"",""rate"":7,""notes"":"""",""amount"":560,""client"":"""",""period"":""Oct 20th - Oct 31st"",""consultant"":""Sai Sunayana Swayambhatla"",""amountDisplay"":""USD $560.00"",""consultant_id"":""""},{""qty"":136,""desc"":""Services - IT Consulting"",""rate"":7,""notes"":"""",""amount"":952,""client"":"""",""period"":"" Nov 1st - Nov 30th"",""consultant"":""Sai Sunayana Swayambhatla"",""amountDisplay"":""USD $952.00"",""consultant_id"":""""},{""qty"":176,""desc"":""Services - IT Consulting"",""rate"":7,""notes"":"""",""amount"":1232,""client"":"""",""period"":""Dec 1st - Dec 31st"",""consultant"":""Sai Sunayana Swayambhatla"",""amountDisplay"":""USD $1,232.00"",""consultant_id"":""""}]",Thank you for choosing our business!,,"{""total"":2744,""subtotal"":2744,""taxAmount"":0,""taxDisplay"":""USD $0.00"",""totalDisplay"":""USD $2,744.00"",""discountAmount"":0,""discountDisplay"":""-USD $0.00"",""subtotalDisplay"":""USD $2,744.00""}",2026-02-03 07:57:30.181842+00,2026-02-03 07:57:30.181842+00,paid,2026-02-09
86f63586-8c04-41f1-b998-41fb6a8f66e5,4bb8a03a-b1aa-449d-9c9f-b8be57f08d58,INV-0002,"{""name"":""Lorvish Technologies Inc"",""email"":"""",""phone"":""+1 (919) 999-0626"",""address"":""3201 Yorktown Ave \nSuite #110D  \nDurham, NC 27713""}","{""name"":""Nityo Cognizant Account Team"",""email"":""accounts.canada@nityo.com"",""phone"":""+1 (609) 857-8270"",""address"":""""}","{""date"":""Feb 3, 2026"",""terms"":""Net 30"",""dateRaw"":""2026-02-03"",""dueDate"":""Mar 3, 2026"",""currency"":""CAD"",""dueDateRaw"":""2026-03-03""}","{""taxRate"":""0"",""brandColor"":""#000000"",""discountType"":""percent"",""discountValue"":""0""}","[{""qty"":168,""desc"":""Services - IT Consulting"",""rate"":3,""notes"":"""",""amount"":504,""client"":"""",""period"":""Dec 1st - Dec 31st"",""consultant"":""Kewal Kishan"",""amountDisplay"":""CAD $504.00""}]",Thank you for choosing our business!,,"{""total"":504,""subtotal"":504,""taxAmount"":0,""taxDisplay"":""CAD $0.00"",""totalDisplay"":""CAD $504.00"",""discountAmount"":0,""subtotalDisplay"":""CAD $504.00""}",2026-02-03 16:10:56.673335+00,2026-02-03 16:10:56.673335+00,paid,2026-02-09
7e4676bd-2f03-4219-9d60-fc4092432c7f,4bb8a03a-b1aa-449d-9c9f-b8be57f08d58,INV-0005,"{""name"":""Lorvish Technologies Inc"",""email"":"""",""phone"":""+1 (919) 999-0626"",""address"":""3201 Yorktown Ave \nSuite #110D \nDurham, NC 27713""}","{""name"":""Nityo Cognizant Account Team"",""email"":""accounts.canada@nityo.com"",""phone"":""+1 (609) 857-8270"",""address"":""""}","{""date"":""Feb 7, 2026"",""terms"":""Net 30"",""dateRaw"":""2026-02-07"",""dueDate"":""Mar 9, 2026"",""currency"":""CAD"",""dueDateRaw"":""2026-03-09""}","{""taxRate"":""0"",""brandColor"":""#000000"",""discountType"":""percent"",""discountValue"":""0""}","[{""qty"":168,""desc"":""Services - IT Consulting"",""rate"":3,""notes"":"""",""amount"":504,""client"":"""",""period"":""Jan 1st - Jan 31st "",""consultant"":""Kewal Kishan"",""amountDisplay"":""CAD $504.00""}]",Thank you for your business!,,"{""total"":504,""subtotal"":504,""taxAmount"":0,""taxDisplay"":""CAD $0.00"",""totalDisplay"":""CAD $504.00"",""discountAmount"":0,""subtotalDisplay"":""CAD $504.00""}",2026-02-07 19:49:47.059382+00,2026-02-07 19:49:47.059382+00,paid,2026-02-17
d5ebeade-809d-4af4-bab2-a9925a0cd9b0,4bb8a03a-b1aa-449d-9c9f-b8be57f08d58,INV-0003,"{""name"":""Lorvish Technologies Inc"",""email"":"""",""phone"":""+1 (919) 999-0626"",""address"":""3201 Yorktown Ave \nSuite #110D  \nDurham, NC 27713""}","{""name"":""Nityo Cognizant Account Team"",""email"":""accounts.cognizant@nityo.com"",""phone"":""+1 (609) 857-8270"",""address"":""""}","{""date"":""Feb 7, 2026"",""terms"":""Net 30"",""dateRaw"":""2026-02-07"",""dueDate"":""Mar 9, 2026"",""currency"":""USD"",""dueDateRaw"":""2026-03-09""}","{""taxRate"":""0"",""brandColor"":""#000000"",""discountType"":""percent"",""discountValue"":""0""}","[{""qty"":72,""desc"":""Services - IT Consulting"",""rate"":10.38,""notes"":"""",""amount"":747.36,""client"":"""",""period"":""Dec 1st - Dec 31st"",""consultant"":""CC"",""amountDisplay"":""USD $747.36""},{""qty"":15.77,""desc"":""Services - IT Consulting"",""rate"":7.5,""notes"":"""",""amount"":118.27499999999999,""client"":"""",""period"":""Dec 1st - Dec 31st"",""consultant"":""JG"",""amountDisplay"":""USD $118.27""}]",Thank you for choosing our business!,,"{""total"":865.635,""subtotal"":865.635,""taxAmount"":0,""taxDisplay"":""USD $0.00"",""totalDisplay"":""USD $865.64"",""discountAmount"":0,""subtotalDisplay"":""USD $865.64""}",2026-02-07 19:42:30.124728+00,2026-02-07 19:42:30.124728+00,paid,2026-02-12
bef7c65b-ef29-4570-9fd0-4fb68327dc63,4bb8a03a-b1aa-449d-9c9f-b8be57f08d58,INV-0004,"{""name"":""Lorvish Technologies Inc"",""email"":"""",""phone"":""+1 (919) 999-0626"",""address"":""3201 Yorktown Ave \nSuite #110D  \nDurham, NC 27713""}","{""name"":""Nityo Cognizant Account Team"",""email"":""accounts.canada@nityo.com"",""phone"":""+1 (609) 857-8270"",""address"":""""}","{""date"":""Feb 7, 2026"",""terms"":""Net 30"",""dateRaw"":""2026-02-07"",""dueDate"":""Mar 9, 2026"",""currency"":""USD"",""dueDateRaw"":""2026-03-09""}","{""taxRate"":""0"",""brandColor"":""#000000"",""discountType"":""percent"",""discountValue"":""0""}","[{""qty"":152,""desc"":""Services - IT Consulting"",""rate"":7,""notes"":"""",""amount"":1064,""client"":"""",""period"":""Jan 1st - Jan 31st "",""consultant"":""Sai Sunayana Swayambhatla"",""amountDisplay"":""USD $1,064.00""},{""qty"":170.5,""desc"":""Services - IT Consulting"",""rate"":10.38,""notes"":"""",""amount"":1769.7900000000002,""client"":"""",""period"":""Jan 1st - Jan 31st "",""consultant"":""CC"",""amountDisplay"":""USD $1,769.79""},{""qty"":173,""desc"":""Services - IT Consulting"",""rate"":7.5,""notes"":"""",""amount"":1297.5,""client"":"""",""period"":""Jan 1st - Jan 31st "",""consultant"":""JG"",""amountDisplay"":""USD $1,297.50""},{""qty"":120,""desc"":""Services - IT Consulting"",""rate"":10,""notes"":"""",""amount"":1200,""client"":"""",""period"":""Jan 1st - Jan 31st "",""consultant"":""CA"",""amountDisplay"":""USD $1,200.00""}]",,,"{""total"":5331.29,""subtotal"":5331.29,""taxAmount"":0,""taxDisplay"":""USD $0.00"",""totalDisplay"":""USD $5,331.29"",""discountAmount"":0,""subtotalDisplay"":""USD $5,331.29""}",2026-02-07 19:48:15.246058+00,2026-02-07 19:48:15.246058+00,paid,2026-02-17
2f9995da-44a6-4597-9b68-e46254369602,4bb8a03a-b1aa-449d-9c9f-b8be57f08d58,INV-0007,"{""name"":""Lorvish Technologies Inc"",""email"":"""",""phone"":""+1 (919) 999-0626"",""address"":""3201 Yorktown Ave \nSuite #110D \nDurham, NC 27713""}","{""name"":""Nityo Cognizant Account Team"",""email"":""accounts.cognizant@nityo.com"",""phone"":""+1 (609) 857-8270"",""address"":""""}","{""date"":""Mar 10, 2026"",""terms"":""Net 30"",""dateRaw"":""2026-03-10"",""dueDate"":""Apr 9, 2026"",""currency"":""USD"",""dueDateRaw"":""2026-04-09""}","{""taxRate"":""0"",""brandColor"":""#000000"",""discountType"":""percent"",""discountValue"":""0""}","[{""qty"":152,""desc"":""Services - IT Consulting"",""rate"":10,""notes"":"""",""amount"":1520,""client"":"""",""period"":""2026-02-01 to 2026-02-28"",""consultant"":""CA"",""amountDisplay"":""USD $1,520.00"",""consultant_id"":""25891272-113e-4ccc-bba8-5330f202f745"",""timesheet_ids"":[""e0d10d83-adfd-4d9a-a2cd-77f6f4dad95d""]},{""qty"":142.5,""desc"":""Services - IT Consulting"",""rate"":10.38,""notes"":"""",""amount"":1479.15,""client"":"""",""period"":""2026-02-01 to 2026-02-28"",""consultant"":""CC"",""amountDisplay"":""USD $1,479.15"",""consultant_id"":""3a1cab34-1950-4492-9328-904bb90c6664"",""timesheet_ids"":[""85e385ae-7d78-4eb9-a970-154d3a118cb4""]},{""qty"":163,""desc"":""Services - IT Consulting"",""rate"":7.5,""notes"":"""",""amount"":1222.5,""client"":"""",""period"":""2026-02-01 to 2026-02-28"",""consultant"":""JG"",""amountDisplay"":""USD $1,222.50"",""consultant_id"":""4380664c-7520-49b1-b7fc-1712ce171c77"",""timesheet_ids"":[""bbc722aa-b18b-4174-b952-40ccb750f575""]},{""qty"":152,""desc"":""Services - IT Consulting"",""rate"":7,""notes"":"""",""amount"":1064,""client"":"""",""period"":""2026-02-01 to 2026-02-28"",""consultant"":""Sai Sunaina"",""amountDisplay"":""USD $1,064.00"",""consultant_id"":""b7fbfc7c-3bc8-4613-a7e4-28ba8766d446"",""timesheet_ids"":[""02b29e9f-ad4b-4dc0-a897-1518729f9090""]}]",,,"{""total"":5285.65,""subtotal"":5285.65,""taxAmount"":0,""taxDisplay"":""USD $0.00"",""totalDisplay"":""USD $5,285.65"",""discountAmount"":0,""discountDisplay"":""-USD $0.00"",""subtotalDisplay"":""USD $5,285.65""}",2026-03-10 20:37:26.950872+00,2026-03-10 20:37:26.950872+00,sent,null
88898bf3-078c-4be9-9e45-96806806ceb9,4bb8a03a-b1aa-449d-9c9f-b8be57f08d58,INV-0006,"{""name"":""Lorvish Technologies Inc"",""email"":"""",""phone"":""+1 (919) 999-0626"",""address"":""3201 Yorktown Ave \nSuite #110D \nDurham, NC 27713""}","{""name"":""Nityo Cognizant Account Team"",""email"":""accounts.canada@nityo.com."",""phone"":"""",""address"":""""}","{""date"":""Mar 10, 2026"",""terms"":""Net 30"",""dateRaw"":""2026-03-10"",""dueDate"":""Apr 9, 2026"",""currency"":""CAD"",""dueDateRaw"":""2026-04-09""}","{""taxRate"":""0"",""brandColor"":""#000000"",""discountType"":""percent"",""discountValue"":""0""}","[{""qty"":72,""desc"":""Services - IT Consulting"",""rate"":11,""notes"":"""",""amount"":792,""client"":"""",""period"":""2026-02-01 to 2026-02-28"",""consultant"":""BRKK"",""amountDisplay"":""CAD $792.00"",""consultant_id"":""c1d74f09-c4ab-4613-8511-7279ff88e3b1"",""timesheet_ids"":[""8c52e0ed-4a0b-4eef-b79d-bd7eb86d7283""]},{""qty"":160,""desc"":""Services - IT Consulting"",""rate"":3,""notes"":"""",""amount"":480,""client"":"""",""period"":""2026-02-01 to 2026-02-28"",""consultant"":""Kewal Kishan"",""amountDisplay"":""CAD $480.00"",""consultant_id"":""ad2ff2c9-432d-4b69-b537-f1edb9d48cb8"",""timesheet_ids"":[""f24bf390-2387-4a04-8cb0-014018a98b03""]}]",,,"{""total"":1272,""subtotal"":1272,""taxAmount"":0,""taxDisplay"":""CAD $0.00"",""totalDisplay"":""CAD $1,272.00"",""discountAmount"":0,""discountDisplay"":""-CAD $0.00"",""subtotalDisplay"":""CAD $1,272.00""}",2026-03-10 20:27:34.365207+00,2026-03-10 20:27:34.365207+00,sent,null
0d4a490d-439f-4908-ab39-ae419d723ce8,4bb8a03a-b1aa-449d-9c9f-b8be57f08d58,INV-0008,"{""name"":""ZScale LLC"",""email"":""accounts@zscalellc.com"",""phone"":""‭+1 (815) 608-0001‬"",""address"":""9635 Southern Pine Boulevard, Suite 117\nCharlotte, North Carolina 28273\nUnited States""}","{""name"":""Nityo Infotech Corporation"",""email"":""accounts.canada@nityo.com"",""phone"":""+ 1 (609) 998-5947"",""address"":""Shubham Jadhav\n1155 North Service Road, West Unit 11,\nSuite # 16 Oakville, ON L6M 3E3, \nCanada.\n""}","{""date"":""Mar 11, 2026"",""terms"":""Net 30"",""dateRaw"":""2026-03-11"",""dueDate"":""Apr 10, 2026"",""currency"":""CAD"",""dueDateRaw"":""2026-04-10""}","{""taxRate"":""0"",""brandColor"":""#3b82f6"",""discountType"":""percent"",""discountValue"":""0""}","[{""qty"":144,""desc"":""Services - IT Consulting"",""rate"":5,""notes"":"""",""amount"":720,""client"":"""",""period"":""2026-02-01 to 2026-02-28"",""consultant"":""FAAD"",""amountDisplay"":""CAD $720.00"",""consultant_id"":""61e72583-d743-4b31-aecd-84287d40ee86"",""timesheet_ids"":[""1a71a0ca-fe81-4d69-810d-7c58a57ea24c""]},{""qty"":56,""desc"":""Services - IT Consulting"",""rate"":6,""notes"":"""",""amount"":336,""client"":"""",""period"":""2026-02-01 to 2026-02-28"",""consultant"":""WOLA"",""amountDisplay"":""CAD $336.00"",""consultant_id"":""8384ead2-2c2b-46b0-9845-fbcc78514908"",""timesheet_ids"":[""1f912a0d-23c2-410f-8f40-d5149f7a070e""]}]",,"Bank: Bank of America
Account Type: Business Advantage Fundamentals
Account Number: 237046721996
Routing Number: 053000196 (Paper & Electronic)","{""total"":1056,""subtotal"":1056,""taxAmount"":0,""taxDisplay"":""CAD $0.00"",""totalDisplay"":""CAD $1,056.00"",""discountAmount"":0,""discountDisplay"":""-CAD $0.00"",""subtotalDisplay"":""CAD $1,056.00""}",2026-03-11 16:07:43.029914+00,2026-03-11 16:07:43.029914+00,sent,null